sentiment;undefined
positive;undefined
positive;undefined
positive;undefined
negative;undefined
positive;undefined
positive;undefined
positive;undefined
negative;undefined
negative;undefined
positive;undefined
negative;undefined
negative;undefined
negative;undefined
negative;undefined
positive;undefined
negative;undefined
positive;undefined
negative;undefined
positive;undefined
negative;undefined
positive;undefined
negative;undefined
positive;undefined
negative;undefined
negative;undefined
positive;undefined
positive;undefined
negative;undefined
negative;undefined
positive;undefined
positive;undefined
positive;undefined
negative;undefined
positive;undefined
negative;undefined
negative;undefined
negative;undefined
negative;undefined
positive;undefined
negative;undefined
negative;undefined
positive;undefined
negative;undefined
negative;undefined
positive;undefined
positive;undefined
negative;undefined
negative;undefined
positive;undefined
negative;undefined